label,category,file,original_source
G1,competition,G1.jpg,orig_cmp_a.jpg
G3,training,G3.jpg,orig_cand_e.jpg
G4,results,G4.jpg,orig_new_gp_13.jpg
G5,competition,G5.jpg,orig_new_gp_07.jpg
G6,results,G6.jpg,orig_new_gp_09.jpg
G7,competition,G7.jpg,orig_new_comp_f1_01.jpg
G8,competition,G8.jpg,orig_cmp_e.jpg
G10,competition,G10.jpg,orig_cmp_h.jpg
G11,training,G11.jpg,orig_coach_c.jpg
G12,training,G12.jpg,orig_cand_f.jpg
G13,training,G13.jpg,orig_cand_c.jpg
G14,team,G14.jpg,orig_new_comp_f1_00.jpg
G15,competition,G15.jpg,orig_new_gp_16.jpg
G16,competition,G16.jpg,orig_new_gp_10.jpg
G17,competition,G17.jpg,orig_cmp_j.jpg
G18,competition,G18.jpg,orig_new_comp_f1_11.jpg
G19,training,G19.jpg,orig_coach_a.jpg
G21,competition,G21.jpg,orig_cmp_g.jpg
G22,competition,G22.jpg,orig_new_comp_f1_02.jpg
G23,team,G23.jpg,orig_group_a.jpg
G24,team,G24.jpg,orig_new_comp_f2_02.jpg
G26,competition,G26.jpg,orig_new_gp_15.jpg
G27,team,G27.jpg,orig_new_comp_f2_01.jpg
G28,competition,G28.jpg,orig_new_comp_f1_09.jpg
G29,competition,G29.jpg,orig_cmp_f.jpg
G31,team,G31.jpg,orig_new_comp_f1_10.jpg
G32,competition,G32.jpg,orig_new_comp_f1_04.jpg
G33,competition,G33.jpg,orig_new_gp_14.jpg
G34,competition,G34.jpg,orig_new_gp_06.jpg
G35,competition,G35.jpg,orig_cmp_c.jpg
G36,training,G36.jpg,orig_cand_b.jpg
G37,competition,G37.jpg,orig_new_comp_f1_07.jpg
G39,team,G39.jpg,orig_new_gp_00.jpg
G40,competition,G40.jpg,orig_new_comp_f1_06.jpg
G42,competition,G42.jpg,orig_cmp_d.jpg
G43,competition,G43.jpg,orig_new_gp_11.jpg
G44,training,G44.jpg,orig_coach_e.jpg
G45,training,G45.jpg,orig_founder.jpg
G47,training,G47.jpg,orig_act_c.jpg
G48,competition,G48.jpg,orig_cmp_b.jpg
G49,competition,G49.jpg,orig_new_comp_f1_03.jpg
G50,competition,G50.jpg,orig_new_gp_12.jpg
G51,team,G51.jpg,orig_new_comp_f1_08.jpg
G52,training,G52.jpg,orig_coach_b.jpg
G53,team,G53.jpg,orig_cand_a.jpg
G54,competition,G54.jpg,orig_new_comp_f1_05.jpg
G55,competition,G55.jpg,orig_new_gp_08.jpg
G56,coaching,G56.jpg,orig_act_e.jpg
G58,team,G58.jpg,orig_new_comp_f2_00.jpg
G59,training,G59.jpg,orig_coach_d.jpg
G60,coaching,G60.jpg,orig_cand_d.jpg
G61,competition,G61.jpg,orig_cmp_i.jpg
G62,competition,G62.jpg,gp2_000.jpg
G63,competition,G63.jpg,iu_0000.jpg
G64,team,G64.jpg,gp2_001.jpg
G65,competition,G65.jpg,iu_0001.jpg
G66,team,G66.jpg,gp2_002.jpg
G67,competition,G67.jpg,iu_0002.jpg
G68,results,G68.jpg,gp2_003.jpg
G69,competition,G69.jpg,iu_0003.jpg
G70,competition,G70.jpg,gp2_004.jpg
G71,competition,G71.jpg,iu_0004.jpg
G72,competition,G72.jpg,gp2_005.jpg
G74,competition,G74.jpg,gp2_006.jpg
G75,competition,G75.jpg,iu_0006.jpg
G76,coaching,G76.jpg,gp2_007.jpg
G77,competition,G77.jpg,iu_0007.jpg
G78,competition,G78.jpg,gp2_008.jpg
G79,competition,G79.jpg,iu_0008.jpg
G80,competition,G80.jpg,gp2_009.jpg
G81,competition,G81.jpg,iu_0009.jpg
G82,competition,G82.jpg,gp2_010.jpg
G83,coaching,G83.jpg,iu_0010.jpg
G84,competition,G84.jpg,gp2_011.jpg
G86,competition,G86.jpg,gp2_012.jpg
G87,competition,G87.jpg,iu_0012.jpg
G88,competition,G88.jpg,gp2_013.jpg
G89,competition,G89.jpg,iu_0013.jpg
G90,coaching,G90.jpg,gp2_014.jpg
G91,competition,G91.jpg,iu_0014.jpg
G92,coaching,G92.jpg,gp2_015.jpg
G93,competition,G93.jpg,iu_0015.jpg
G94,competition,G94.jpg,gp2_016.jpg
G95,competition,G95.jpg,iu_0016.jpg
G96,competition,G96.jpg,gp2_017.jpg
G97,coaching,G97.jpg,iu_0017.jpg
G98,competition,G98.jpg,gp2_018.jpg
G99,coaching,G99.jpg,iu_0018.jpg
G100,competition,G100.jpg,gp2_019.jpg
G101,competition,G101.jpg,iu_0019.jpg
G102,competition,G102.jpg,gp2_020.jpg
G103,competition,G103.jpg,iu_0020.jpg
G104,coaching,G104.jpg,gp2_021.jpg
G105,competition,G105.jpg,iu_0021.jpg
G106,competition,G106.jpg,gp2_022.jpg
G107,competition,G107.jpg,iu_0022.jpg
G109,competition,G109.jpg,iu_0023.jpg
G111,competition,G111.jpg,iu_0024.jpg
G112,competition,G112.jpg,gp2_025.jpg
G113,competition,G113.jpg,iu_0025.jpg
G114,competition,G114.jpg,gp2_026.jpg
G115,competition,G115.jpg,iu_0026.jpg
G116,competition,G116.jpg,gp2_027.jpg
G117,competition,G117.jpg,iu_0027.jpg
G118,competition,G118.jpg,gp2_028.jpg
G119,competition,G119.jpg,iu_0028.jpg
G120,competition,G120.jpg,gp2_029.jpg
G121,competition,G121.jpg,iu_0029.jpg
G122,competition,G122.jpg,gp2_030.jpg
G123,competition,G123.jpg,iu_0030.jpg
G124,competition,G124.jpg,gp2_031.jpg
G125,competition,G125.jpg,iu_0031.jpg
G126,competition,G126.jpg,gp2_032.jpg
G127,competition,G127.jpg,iu_0032.jpg
G128,competition,G128.jpg,gp2_033.jpg
G129,competition,G129.jpg,iu_0033.jpg
G130,competition,G130.jpg,gp2_034.jpg
G131,competition,G131.jpg,iu_0034.jpg
G132,competition,G132.jpg,gp2_035.jpg
G133,competition,G133.jpg,iu_0035.jpg
G134,competition,G134.jpg,gp2_036.jpg
G135,competition,G135.jpg,iu_0036.jpg
G136,competition,G136.jpg,gp2_037.jpg
G137,competition,G137.jpg,iu_0037.jpg
G138,coaching,G138.jpg,gp2_038.jpg
G139,competition,G139.jpg,iu_0038.jpg
G140,competition,G140.jpg,gp2_039.jpg
G141,competition,G141.jpg,iu_0039.jpg
G142,competition,G142.jpg,gp2_040.jpg
G143,competition,G143.jpg,iu_0040.jpg
G144,competition,G144.jpg,gp2_041.jpg
G145,competition,G145.jpg,iu_0041.jpg
G146,competition,G146.jpg,gp2_042.jpg
G147,competition,G147.jpg,iu_0042.jpg
G148,coaching,G148.jpg,gp2_043.jpg
G149,competition,G149.jpg,iu_0043.jpg
G150,competition,G150.jpg,gp2_044.jpg
G151,competition,G151.jpg,iu_0044.jpg
G152,competition,G152.jpg,gp2_045.jpg
G153,competition,G153.jpg,iu_0045.jpg
G154,competition,G154.jpg,gp2_046.jpg
G155,competition,G155.jpg,iu_0046.jpg
G156,competition,G156.jpg,gp2_047.jpg
G157,competition,G157.jpg,iu_0047.jpg
G158,competition,G158.jpg,gp2_048.jpg
G159,competition,G159.jpg,iu_0048.jpg
G160,competition,G160.jpg,gp2_049.jpg
G161,competition,G161.jpg,iu_0049.jpg
G162,competition,G162.jpg,gp2_050.jpg
G163,competition,G163.jpg,iu_0050.jpg
G164,competition,G164.jpg,gp2_051.jpg
G165,competition,G165.jpg,iu_0051.jpg
G166,competition,G166.jpg,gp2_052.jpg
G167,competition,G167.jpg,iu_0052.jpg
G168,competition,G168.jpg,gp2_053.jpg
G169,competition,G169.jpg,iu_0053.jpg
G170,competition,G170.jpg,gp2_054.jpg
G171,competition,G171.jpg,iu_0054.jpg
G172,competition,G172.jpg,gp2_055.jpg
G173,competition,G173.jpg,iu_0055.jpg
G174,competition,G174.jpg,gp2_056.jpg
G175,competition,G175.jpg,iu_0056.jpg
G176,competition,G176.jpg,gp2_057.jpg
G177,competition,G177.jpg,iu_0057.jpg
G178,competition,G178.jpg,gp2_058.jpg
G179,competition,G179.jpg,iu_0058.jpg
G180,competition,G180.jpg,gp2_059.jpg
G181,competition,G181.jpg,iu_0059.jpg
G182,competition,G182.jpg,gp2_060.jpg
G183,competition,G183.jpg,iu_0060.jpg
G184,competition,G184.jpg,gp2_061.jpg
G185,competition,G185.jpg,iu_0061.jpg
G186,competition,G186.jpg,gp2_062.jpg
G187,competition,G187.jpg,iu_0062.jpg
G188,coaching,G188.jpg,gp2_063.jpg
G189,competition,G189.jpg,iu_0063.jpg
G190,competition,G190.jpg,gp2_064.jpg
G191,competition,G191.jpg,iu_0064.jpg
G192,competition,G192.jpg,gp2_065.jpg
G193,competition,G193.jpg,iu_0065.jpg
G194,competition,G194.jpg,gp2_066.jpg
G195,competition,G195.jpg,iu_0066.jpg
G196,competition,G196.jpg,gp2_067.jpg
G197,competition,G197.jpg,iu_0067.jpg
G198,competition,G198.jpg,gp2_068.jpg
G199,competition,G199.jpg,iu_0068.jpg
G200,competition,G200.jpg,gp2_069.jpg
G201,competition,G201.jpg,iu_0069.jpg
G202,competition,G202.jpg,gp2_070.jpg
G203,competition,G203.jpg,iu_0070.jpg
G204,competition,G204.jpg,gp2_071.jpg
G205,competition,G205.jpg,iu_0071.jpg
G206,competition,G206.jpg,gp2_072.jpg
G207,competition,G207.jpg,iu_0072.jpg
G208,competition,G208.jpg,gp2_073.jpg
G209,competition,G209.jpg,iu_0073.jpg
G210,competition,G210.jpg,gp2_074.jpg
G211,competition,G211.jpg,iu_0074.jpg
G212,competition,G212.jpg,gp2_075.jpg
G213,competition,G213.jpg,iu_0075.jpg
G214,competition,G214.jpg,gp2_076.jpg
G215,competition,G215.jpg,iu_0076.jpg
G216,competition,G216.jpg,gp2_077.jpg
G217,competition,G217.jpg,iu_0077.jpg
G218,training,G218.jpg,gp2_078.jpg
G219,competition,G219.jpg,iu_0078.jpg
G220,training,G220.jpg,gp2_079.jpg
G221,competition,G221.jpg,iu_0079.jpg
G222,competition,G222.jpg,gp2_080.jpg
G223,competition,G223.jpg,iu_0080.jpg
G224,competition,G224.jpg,gp2_081.jpg
G225,competition,G225.jpg,iu_0081.jpg
G226,competition,G226.jpg,gp2_082.jpg
G227,competition,G227.jpg,iu_0082.jpg
G228,competition,G228.jpg,gp2_083.jpg
G229,competition,G229.jpg,iu_0083.jpg
G230,competition,G230.jpg,gp2_084.jpg
G232,competition,G232.jpg,gp2_085.jpg
G233,competition,G233.jpg,iu_0085.jpg
G234,competition,G234.jpg,gp2_086.jpg
G235,competition,G235.jpg,iu_0086.jpg
G236,competition,G236.jpg,gp2_087.jpg
G237,competition,G237.jpg,iu_0087.jpg
G238,competition,G238.jpg,gp2_088.jpg
G239,competition,G239.jpg,iu_0088.jpg
G240,competition,G240.jpg,gp2_089.jpg
G241,competition,G241.jpg,iu_0089.jpg
G242,competition,G242.jpg,gp2_090.jpg
G243,competition,G243.jpg,iu_0090.jpg
G244,competition,G244.jpg,gp2_091.jpg
G245,competition,G245.jpg,iu_0091.jpg
G246,competition,G246.jpg,gp2_092.jpg
G247,competition,G247.jpg,iu_0092.jpg
G248,competition,G248.jpg,gp2_093.jpg
G249,competition,G249.jpg,iu_0093.jpg
G250,competition,G250.jpg,gp2_094.jpg
G251,competition,G251.jpg,iu_0094.jpg
G252,competition,G252.jpg,gp2_095.jpg
G253,competition,G253.jpg,iu_0095.jpg
G254,results,G254.jpg,gp2_096.jpg
G255,competition,G255.jpg,iu_0096.jpg
G257,competition,G257.jpg,iu_0097.jpg
G258,competition,G258.jpg,gp2_098.jpg
G259,competition,G259.jpg,iu_0098.jpg
G260,competition,G260.jpg,gp2_099.jpg
G261,competition,G261.jpg,iu_0099.jpg
G262,competition,G262.jpg,gp2_100.jpg
G263,competition,G263.jpg,iu_0100.jpg
G264,competition,G264.jpg,gp2_101.jpg
G265,competition,G265.jpg,iu_0101.jpg
G266,competition,G266.jpg,gp2_102.jpg
G267,competition,G267.jpg,iu_0102.jpg
G268,results,G268.jpg,gp2_103.jpg
G269,competition,G269.jpg,iu_0103.jpg
G271,competition,G271.jpg,iu_0104.jpg
G273,competition,G273.jpg,iu_0105.jpg
G275,competition,G275.jpg,iu_0106.jpg
G276,results,G276.jpg,gp2_107.jpg
G277,competition,G277.jpg,iu_0107.jpg
G278,results,G278.jpg,gp2_108.jpg
G279,competition,G279.jpg,iu_0108.jpg
G280,results,G280.jpg,gp2_109.jpg
G281,competition,G281.jpg,iu_0109.jpg
G282,competition,G282.jpg,gp2_110.jpg
G283,competition,G283.jpg,iu_0110.jpg
G284,competition,G284.jpg,gp2_111.jpg
G285,competition,G285.jpg,iu_0111.jpg
G286,competition,G286.jpg,gp2_112.jpg
G287,competition,G287.jpg,iu_0112.jpg
G288,competition,G288.jpg,gp2_113.jpg
G289,competition,G289.jpg,iu_0113.jpg
G290,competition,G290.jpg,gp2_114.jpg
G292,competition,G292.jpg,gp2_115.jpg
G293,competition,G293.jpg,iu_0115.jpg
G294,competition,G294.jpg,gp2_116.jpg
G295,competition,G295.jpg,iu_0116.jpg
G296,competition,G296.jpg,gp2_117.jpg
G297,competition,G297.jpg,iu_0117.jpg
G298,competition,G298.jpg,iu_0118.jpg
G299,competition,G299.jpg,iu_0119.jpg
G300,competition,G300.jpg,iu_0120.jpg
G301,coaching,G301.jpg,iu_0121.jpg
G302,competition,G302.jpg,iu_0122.jpg
G303,competition,G303.jpg,iu_0123.jpg
G304,competition,G304.jpg,iu_0124.jpg
G305,competition,G305.jpg,iu_0125.jpg
G306,competition,G306.jpg,iu_0126.jpg
G307,competition,G307.jpg,iu_0127.jpg
G308,competition,G308.jpg,iu_0128.jpg
G309,competition,G309.jpg,iu_0129.jpg
G310,competition,G310.jpg,iu_0130.jpg
G311,competition,G311.jpg,iu_0131.jpg
G312,competition,G312.jpg,iu_0132.jpg
G313,competition,G313.jpg,iu_0133.jpg
G314,competition,G314.jpg,iu_0134.jpg
G315,competition,G315.jpg,iu_0135.jpg
G316,competition,G316.jpg,iu_0136.jpg
G317,coaching,G317.jpg,iu_0137.jpg
G318,competition,G318.jpg,iu_0138.jpg
G319,competition,G319.jpg,iu_0139.jpg
G320,competition,G320.jpg,iu_0140.jpg
G321,competition,G321.jpg,iu_0141.jpg
G322,competition,G322.jpg,iu_0142.jpg
G323,competition,G323.jpg,iu_0143.jpg
G324,coaching,G324.jpg,iu_0144.jpg
G325,competition,G325.jpg,iu_0145.jpg
G326,competition,G326.jpg,iu_0146.jpg
G327,competition,G327.jpg,iu_0147.jpg
G328,competition,G328.jpg,iu_0148.jpg
G329,competition,G329.jpg,iu_0149.jpg
G330,competition,G330.jpg,iu_0150.jpg
G331,competition,G331.jpg,iu_0151.jpg
G332,competition,G332.jpg,iu_0152.jpg
G333,competition,G333.jpg,iu_0153.jpg
G334,competition,G334.jpg,iu_0154.jpg
G335,competition,G335.jpg,iu_0155.jpg
G336,competition,G336.jpg,iu_0156.jpg
G337,competition,G337.jpg,iu_0157.jpg
G338,competition,G338.jpg,iu_0158.jpg
G339,coaching,G339.jpg,iu_0159.jpg
G340,competition,G340.jpg,iu_0160.jpg
G341,competition,G341.jpg,iu_0161.jpg
G342,competition,G342.jpg,iu_0162.jpg
G343,competition,G343.jpg,iu_0163.jpg
G344,competition,G344.jpg,iu_0164.jpg
G345,competition,G345.jpg,iu_0165.jpg
G347,competition,G347.jpg,iu_0167.jpg
G348,competition,G348.jpg,iu_0168.jpg
G349,competition,G349.jpg,iu_0169.jpg
G350,competition,G350.jpg,iu_0170.jpg
G351,competition,G351.jpg,iu_0171.jpg
G352,competition,G352.jpg,iu_0172.jpg
G353,competition,G353.jpg,iu_0173.jpg
G354,competition,G354.jpg,iu_0174.jpg
G355,competition,G355.jpg,iu_0175.jpg
G357,competition,G357.jpg,iu_0177.jpg
G358,competition,G358.jpg,iu_0178.jpg
G359,competition,G359.jpg,iu_0179.jpg
G360,competition,G360.jpg,iu_0180.jpg
G361,competition,G361.jpg,iu_0181.jpg
G362,competition,G362.jpg,iu_0182.jpg
G363,competition,G363.jpg,iu_0183.jpg
G364,competition,G364.jpg,iu_0184.jpg
G365,competition,G365.jpg,iu_0185.jpg
G366,competition,G366.jpg,iu_0186.jpg
G367,competition,G367.jpg,iu_0187.jpg
G368,competition,G368.jpg,iu_0188.jpg
G369,coaching,G369.jpg,iu_0189.jpg
G370,competition,G370.jpg,iu_0190.jpg
G371,competition,G371.jpg,iu_0191.jpg
G372,competition,G372.jpg,iu_0192.jpg
G373,competition,G373.jpg,iu_0193.jpg
G374,competition,G374.jpg,iu_0194.jpg
G375,competition,G375.jpg,iu_0195.jpg
G376,competition,G376.jpg,iu_0196.jpg
G377,competition,G377.jpg,iu_0197.jpg
G378,competition,G378.jpg,iu_0198.jpg
G379,competition,G379.jpg,iu_0199.jpg
G380,competition,G380.jpg,iu_0200.jpg
G381,competition,G381.jpg,iu_0201.jpg
G382,competition,G382.jpg,iu_0202.jpg
G383,competition,G383.jpg,iu_0203.jpg
G384,competition,G384.jpg,iu_0204.jpg
G385,competition,G385.jpg,iu_0205.jpg
G386,competition,G386.jpg,iu_0206.jpg
G387,competition,G387.jpg,iu_0207.jpg
G388,competition,G388.jpg,iu_0208.jpg
G389,competition,G389.jpg,iu_0209.jpg
G390,competition,G390.jpg,iu_0210.jpg
G391,competition,G391.jpg,iu_0211.jpg
G392,competition,G392.jpg,iu_0212.jpg
G393,competition,G393.jpg,iu_0213.jpg
G394,competition,G394.jpg,iu_0214.jpg
G395,coaching,G395.jpg,iu_0215.jpg
G396,competition,G396.jpg,iu_0216.jpg
G397,competition,G397.jpg,iu_0217.jpg
G398,competition,G398.jpg,iu_0218.jpg
G399,competition,G399.jpg,iu_0219.jpg
G400,competition,G400.jpg,iu_0220.jpg
G401,competition,G401.jpg,iu_0221.jpg
G402,competition,G402.jpg,iu_0222.jpg
G403,competition,G403.jpg,iu_0223.jpg
G404,competition,G404.jpg,iu_0224.jpg
G405,competition,G405.jpg,iu_0225.jpg
G406,competition,G406.jpg,iu_0226.jpg
G407,competition,G407.jpg,iu_0227.jpg
G408,competition,G408.jpg,iu_0228.jpg
G409,competition,G409.jpg,iu_0229.jpg
G410,competition,G410.jpg,iu_0230.jpg
G411,competition,G411.jpg,iu_0231.jpg
G412,competition,G412.jpg,iu_0232.jpg
G413,competition,G413.jpg,iu_0233.jpg
G414,competition,G414.jpg,iu_0234.jpg
G415,competition,G415.jpg,iu_0235.jpg
G416,competition,G416.jpg,iu_0236.jpg
G417,competition,G417.jpg,iu_0237.jpg
G418,competition,G418.jpg,iu_0238.jpg
G419,competition,G419.jpg,iu_0239.jpg
G420,competition,G420.jpg,iu_0240.jpg
G421,competition,G421.jpg,iu_0241.jpg
G422,competition,G422.jpg,iu_0242.jpg
G423,competition,G423.jpg,iu_0243.jpg
G424,competition,G424.jpg,iu_0244.jpg
G425,competition,G425.jpg,iu_0245.jpg
G426,competition,G426.jpg,iu_0246.jpg
G427,competition,G427.jpg,iu_0247.jpg
G428,competition,G428.jpg,iu_0248.jpg
G429,competition,G429.jpg,iu_0249.jpg
G430,competition,G430.jpg,iu_0250.jpg
G431,competition,G431.jpg,iu_0251.jpg
G432,competition,G432.jpg,iu_0252.jpg
G433,competition,G433.jpg,iu_0253.jpg
G434,competition,G434.jpg,iu_0254.jpg
G435,coaching,G435.jpg,iu_0255.jpg
G436,competition,G436.jpg,iu_0256.jpg
G437,competition,G437.jpg,iu_0257.jpg
G438,competition,G438.jpg,iu_0258.jpg
G439,competition,G439.jpg,iu_0259.jpg
G440,competition,G440.jpg,iu_0260.jpg
G441,competition,G441.jpg,iu_0261.jpg
G442,competition,G442.jpg,iu_0262.jpg
G443,competition,G443.jpg,iu_0263.jpg
G444,competition,G444.jpg,iu_0264.jpg
G445,competition,G445.jpg,iu_0265.jpg
G446,competition,G446.jpg,iu_0266.jpg
G447,competition,G447.jpg,iu_0267.jpg
G448,competition,G448.jpg,iu_0268.jpg
G449,competition,G449.jpg,iu_0269.jpg
G450,competition,G450.jpg,iu_0270.jpg
G451,competition,G451.jpg,iu_0271.jpg
G452,competition,G452.jpg,iu_0272.jpg
G453,competition,G453.jpg,iu_0273.jpg
G454,competition,G454.jpg,iu_0274.jpg
G455,competition,G455.jpg,iu_0275.jpg
G456,competition,G456.jpg,iu_0276.jpg
G457,competition,G457.jpg,iu_0277.jpg
G458,competition,G458.jpg,iu_0278.jpg
G459,competition,G459.jpg,iu_0279.jpg
G460,competition,G460.jpg,iu_0280.jpg
G461,competition,G461.jpg,iu_0281.jpg
G462,competition,G462.jpg,iu_0282.jpg
G463,competition,G463.jpg,iu_0283.jpg
G464,competition,G464.jpg,iu_0284.jpg
G465,competition,G465.jpg,iu_0285.jpg
G466,competition,G466.jpg,iu_0286.jpg
G467,competition,G467.jpg,iu_0287.jpg
G468,competition,G468.jpg,iu_0288.jpg
G469,competition,G469.jpg,iu_0289.jpg
G470,competition,G470.jpg,iu_0290.jpg
G471,competition,G471.jpg,iu_0291.jpg
G472,competition,G472.jpg,iu_0292.jpg
G473,competition,G473.jpg,iu_0293.jpg
G474,competition,G474.jpg,iu_0294.jpg
G475,competition,G475.jpg,iu_0295.jpg
G476,competition,G476.jpg,iu_0296.jpg
G477,competition,G477.jpg,iu_0297.jpg
G478,coaching,G478.jpg,iu_0298.jpg
G479,competition,G479.jpg,iu_0299.jpg
G480,competition,G480.jpg,iu_0300.jpg
G481,competition,G481.jpg,iu_0301.jpg
G482,competition,G482.jpg,iu_0302.jpg
G483,competition,G483.jpg,iu_0303.jpg
G484,competition,G484.jpg,iu_0304.jpg
G485,competition,G485.jpg,iu_0305.jpg
G486,competition,G486.jpg,iu_0306.jpg
G487,competition,G487.jpg,iu_0307.jpg
G488,competition,G488.jpg,iu_0308.jpg
G489,competition,G489.jpg,iu_0309.jpg
G490,competition,G490.jpg,iu_0310.jpg
G491,competition,G491.jpg,iu_0311.jpg
G492,competition,G492.jpg,iu_0312.jpg
G493,competition,G493.jpg,iu_0313.jpg
G494,competition,G494.jpg,iu_0314.jpg
G495,competition,G495.jpg,iu_0315.jpg
G496,competition,G496.jpg,iu_0316.jpg
G497,competition,G497.jpg,iu_0317.jpg
G498,competition,G498.jpg,iu_0318.jpg
G499,competition,G499.jpg,iu_0319.jpg
G500,competition,G500.jpg,iu_0320.jpg
G501,competition,G501.jpg,iu_0321.jpg
G502,competition,G502.jpg,iu_0322.jpg
G503,competition,G503.jpg,iu_0323.jpg
G504,competition,G504.jpg,iu_0324.jpg
G505,competition,G505.jpg,iu_0325.jpg
G506,competition,G506.jpg,iu_0326.jpg
G507,competition,G507.jpg,iu_0327.jpg
G508,competition,G508.jpg,iu_0328.jpg
G509,competition,G509.jpg,iu_0329.jpg
G510,competition,G510.jpg,iu_0330.jpg
G511,competition,G511.jpg,iu_0331.jpg
G512,competition,G512.jpg,iu_0332.jpg
G513,competition,G513.jpg,iu_0333.jpg
G514,competition,G514.jpg,iu_0334.jpg
G515,competition,G515.jpg,iu_0335.jpg
G516,competition,G516.jpg,iu_0336.jpg
G517,competition,G517.jpg,iu_0337.jpg
G518,competition,G518.jpg,iu_0338.jpg
G519,competition,G519.jpg,iu_0339.jpg
G520,competition,G520.jpg,iu_0340.jpg
G521,competition,G521.jpg,iu_0341.jpg
G522,competition,G522.jpg,iu_0342.jpg
G523,competition,G523.jpg,iu_0343.jpg
G525,competition,G525.jpg,iu_0345.jpg
G526,competition,G526.jpg,iu_0346.jpg
G527,competition,G527.jpg,iu_0347.jpg
G528,competition,G528.jpg,iu_0348.jpg
G529,competition,G529.jpg,iu_0349.jpg
G530,competition,G530.jpg,iu_0350.jpg
G531,competition,G531.jpg,iu_0351.jpg
G532,competition,G532.jpg,iu_0352.jpg
G533,competition,G533.jpg,iu_0353.jpg
G534,coaching,G534.jpg,iu_0354.jpg
G535,competition,G535.jpg,iu_0355.jpg
G536,competition,G536.jpg,iu_0356.jpg
G537,competition,G537.jpg,iu_0357.jpg
G538,competition,G538.jpg,iu_0358.jpg
G539,competition,G539.jpg,iu_0359.jpg
G540,competition,G540.jpg,iu_0360.jpg
G541,competition,G541.jpg,iu_0361.jpg
G542,competition,G542.jpg,iu_0362.jpg
G543,competition,G543.jpg,iu_0363.jpg
G546,competition,G546.jpg,iu_0366.jpg
G547,competition,G547.jpg,iu_0367.jpg
G548,competition,G548.jpg,iu_0368.jpg
G549,competition,G549.jpg,iu_0369.jpg
G550,competition,G550.jpg,iu_0370.jpg
G551,competition,G551.jpg,iu_0371.jpg
G552,competition,G552.jpg,iu_0372.jpg
G553,competition,G553.jpg,iu_0373.jpg
G554,coaching,G554.jpg,iu_0374.jpg
G555,competition,G555.jpg,iu_0375.jpg
G556,competition,G556.jpg,iu_0376.jpg
G557,competition,G557.jpg,iu_0377.jpg
G558,competition,G558.jpg,iu_0378.jpg
G559,competition,G559.jpg,iu_0379.jpg
G560,competition,G560.jpg,iu_0380.jpg
G561,competition,G561.jpg,iu_0381.jpg
G562,competition,G562.jpg,iu_0382.jpg
G563,competition,G563.jpg,iu_0383.jpg
G564,competition,G564.jpg,iu_0384.jpg
G565,competition,G565.jpg,iu_0385.jpg
G566,competition,G566.jpg,iu_0386.jpg
G567,competition,G567.jpg,iu_0387.jpg
G568,competition,G568.jpg,iu_0388.jpg
G569,competition,G569.jpg,iu_0389.jpg
G570,competition,G570.jpg,iu_0390.jpg
G571,competition,G571.jpg,iu_0391.jpg
G572,competition,G572.jpg,iu_0392.jpg
G573,competition,G573.jpg,iu_0393.jpg
G574,competition,G574.jpg,iu_0394.jpg
G575,competition,G575.jpg,iu_0395.jpg
G576,competition,G576.jpg,iu_0396.jpg
G577,competition,G577.jpg,iu_0397.jpg
G578,competition,G578.jpg,iu_0398.jpg
G579,competition,G579.jpg,iu_0399.jpg
G580,competition,G580.jpg,iu_0400.jpg
G581,competition,G581.jpg,iu_0401.jpg
G582,competition,G582.jpg,iu_0402.jpg
G583,competition,G583.jpg,iu_0403.jpg
G584,competition,G584.jpg,iu_0404.jpg
G585,competition,G585.jpg,iu_0405.jpg
G586,competition,G586.jpg,iu_0406.jpg
G587,competition,G587.jpg,iu_0407.jpg
G588,competition,G588.jpg,iu_0408.jpg
G589,competition,G589.jpg,iu_0409.jpg
G590,competition,G590.jpg,iu_0410.jpg
G591,competition,G591.jpg,iu_0411.jpg
G592,competition,G592.jpg,iu_0412.jpg
G593,competition,G593.jpg,iu_0413.jpg
G594,competition,G594.jpg,iu_0414.jpg
G595,competition,G595.jpg,iu_0415.jpg
G596,competition,G596.jpg,iu_0416.jpg
G597,competition,G597.jpg,iu_0417.jpg
G598,competition,G598.jpg,iu_0418.jpg
G599,competition,G599.jpg,iu_0419.jpg
G600,coaching,G600.jpg,iu_0420.jpg
G601,competition,G601.jpg,iu_0421.jpg
G602,competition,G602.jpg,iu_0422.jpg
G603,competition,G603.jpg,iu_0423.jpg
G604,competition,G604.jpg,iu_0424.jpg
G605,competition,G605.jpg,iu_0425.jpg
G606,competition,G606.jpg,iu_0426.jpg
G607,competition,G607.jpg,iu_0427.jpg
G608,competition,G608.jpg,iu_0428.jpg
G609,competition,G609.jpg,iu_0429.jpg
G610,competition,G610.jpg,iu_0430.jpg
G611,competition,G611.jpg,iu_0431.jpg
G612,competition,G612.jpg,iu_0432.jpg
G613,competition,G613.jpg,iu_0433.jpg
G614,results,G614.jpg,iu_0434.jpg
G615,team,G615.jpg,iu_0435.jpg
G616,results,G616.jpg,iu_0436.jpg
G617,results,G617.jpg,iu_0437.jpg
G618,results,G618.jpg,iu_0438.jpg
G619,results,G619.jpg,iu_0439.jpg
G620,results,G620.jpg,iu_0440.jpg
G621,results,G621.jpg,iu_0441.jpg
G622,results,G622.jpg,iu_0442.jpg
G623,results,G623.jpg,iu_0443.jpg
G624,results,G624.jpg,iu_0444.jpg
G625,results,G625.jpg,iu_0445.jpg
G626,results,G626.jpg,iu_0446.jpg
G627,results,G627.jpg,iu_0447.jpg
G628,team,G628.jpg,drive_team_13U8lq
G629,competition,G629.jpg,IMG_5097.JPG
G630,training,G630.jpg,IMG_5098.JPG
G631,competition,G631.jpg,IMG_5099.JPG
G632,training,G632.jpg,IMG_5100.JPG
G633,training,G633.jpg,IMG_5101.JPG
G634,competition,G634.jpg,IMG_5102.JPG
G635,competition,G635.jpg,IMG_5103.JPG
G636,training,G636.jpg,IMG_5104.JPG
G637,team,G637.jpg,IMG_5105.JPG
G638,competition,G638.jpg,IMG_5106.JPG
G639,competition,G639.jpg,IMG_5107.JPG
G640,competition,G640.jpg,IMG_5108.JPG
G641,team,G641.jpg,IMG_5109.JPG
G642,competition,G642.jpg,IMG_5110.JPG
G643,training,G643.jpg,IMG_5111.JPG
G644,competition,G644.jpg,IMG_5112.JPG
G645,training,G645.jpg,IMG_5113.JPG
G646,competition,G646.jpg,IMG_5114.JPG
G647,training,G647.jpg,IMG_5115.JPG
G648,competition,G648.jpg,IMG_5116.JPG
G649,competition,G649.jpg,IMG_5118.JPG
G650,training,G650.jpg,IMG_5119.JPG
G651,team,G651.jpg,IMG_5120.JPG
G652,competition,G652.jpg,IMG_5121.JPG
G653,competition,G653.jpg,IMG_5122.JPG
G654,team,G654.jpg,IMG_5123.JPG
G655,competition,G655.jpg,IMG_5124.JPG
G656,competition,G656.jpg,IMG_5125.JPG
G657,competition,G657.jpg,IMG_5126.JPG
G658,competition,G658.jpg,IMG_5127.JPG
G659,competition,G659.jpg,IMG_5128.JPG
G660,coaching,G660.jpg,IMG_5129.JPG
G661,competition,G661.jpg,IMG_5130.JPG
G662,competition,G662.jpg,IMG_5131.JPG
G663,competition,G663.jpg,IMG_5132.JPG
G664,competition,G664.jpg,IMG_5133.JPG
G665,competition,G665.jpg,IMG_5134.JPG
G666,competition,G666.jpg,IMG_5135.JPG
G667,competition,G667.jpg,IMG_5136.JPG
G668,team,G668.jpg,IMG_5137.JPG
G669,competition,G669.jpg,IMG_5138.JPG
G670,competition,G670.jpg,IMG_5139.JPG
G671,competition,G671.jpg,IMG_5140.JPG
G672,competition,G672.jpg,IMG_5141.JPG
G673,competition,G673.jpg,IMG_5142.JPG
G674,competition,G674.jpg,IMG_5143.JPG
G675,competition,G675.jpg,IMG_5144.JPG
G676,team,G676.jpg,IMG_5145.JPG
G677,competition,G677.jpg,IMG_5146.JPG
G678,team,G678.jpg,IMG_5147.JPG
G679,competition,G679.jpg,IMG_5149.JPG
G680,team,G680.jpg,IMG_5150.JPG
G681,training,G681.jpg,IMG_5151.JPG
G682,competition,G682.jpg,IMG_5152.JPG
G683,competition,G683.jpg,IMG_5153.JPG
G684,competition,G684.jpg,IMG_5154.JPG
G685,training,G685.jpg,IMG_5155.JPG
G686,competition,G686.jpg,IMG_5156.JPG
G687,competition,G687.jpg,IMG_5157.JPG
G688,training,G688.jpg,IMG_5158.JPG
G689,competition,G689.jpg,IMG_5159.JPG
G690,competition,G690.jpg,IMG_5160.JPG
G691,competition,G691.jpg,IMG_5161.JPG
G692,team,G692.jpg,IMG_5162.JPG
G693,coaching,G693.jpg,IMG_5163.JPG
G694,team,G694.jpg,IMG_5164.JPG
G695,competition,G695.jpg,IMG_5165.JPG
G696,team,G696.jpg,IMG_5166.JPG
G697,competition,G697.jpg,IMG_5167.JPG
G698,competition,G698.jpg,IMG_5168.JPG
G699,team,G699.jpg,IMG_5169.JPG
G700,competition,G700.jpg,IMG_5170.JPG
G701,competition,G701.jpg,IMG_5171.JPG
G702,competition,G702.jpg,IMG_5172.JPG
G703,competition,G703.jpg,IMG_5173.JPG
G704,team,G704.jpg,IMG_5174.JPG
G705,competition,G705.jpg,IMG_5175.JPG
G706,competition,G706.jpg,IMG_5176.JPG
G707,competition,G707.jpg,IMG_5177.JPG
G708,competition,G708.jpg,IMG_5178.JPG
G709,competition,G709.jpg,IMG_5179.JPG
G710,competition,G710.jpg,IMG_5180.JPG
G711,team,G711.jpg,IMG_5181.JPG
G712,competition,G712.jpg,IMG_5182.JPG
G713,competition,G713.jpg,IMG_5183.JPG
G714,training,G714.jpg,IMG_5184.JPG
G715,competition,G715.jpg,IMG_5185.JPG
G716,competition,G716.jpg,IMG_5186.JPG
G717,competition,G717.jpg,IMG_5187.JPG
G718,competition,G718.jpg,IMG_5188.JPG
G719,competition,G719.jpg,IMG_5189.JPG
G720,competition,G720.jpg,IMG_5190.JPG
G721,team,G721.jpg,IMG_5191.JPG
G722,training,G722.jpg,IMG_5192.JPG
G723,competition,G723.jpg,IMG_5193.JPG
G724,competition,G724.jpg,IMG_5194.JPG
G725,competition,G725.jpg,IMG_5195.JPG
G726,competition,G726.jpg,IMG_5196.JPG
G727,competition,G727.jpg,IMG_5197.JPG
G728,competition,G728.jpg,IMG_5198.JPG
G729,training,G729.jpg,IMG_5199.JPG
G730,coaching,G730.jpg,IMG_5200.JPG
G731,competition,G731.jpg,IMG_5201.JPG
G732,competition,G732.jpg,IMG_5202.JPG
G733,competition,G733.jpg,IMG_5203.JPG
G734,competition,G734.jpg,IMG_5204.JPG
G735,competition,G735.jpg,IMG_5205.JPG
G736,competition,G736.jpg,IMG_5206.JPG
G737,team,G737.jpg,IMG_5207.JPG
G738,competition,G738.jpg,IMG_5208.JPG
G739,competition,G739.jpg,IMG_5209.JPG
G775,coaching,G775.jpg,_DSC2900.JPG
G776,coaching,G776.jpg,_DSC2901.JPG
G777,training,G777.jpg,_DSC2903.JPG
G778,training,G778.jpg,_DSC2905.JPG
G779,coaching,G779.jpg,_DSC2908.JPG
G780,coaching,G780.jpg,_DSC2910.JPG
G781,coaching,G781.jpg,_DSC2911.JPG
G782,coaching,G782.jpg,_DSC2912.JPG
G783,coaching,G783.jpg,_DSC2913.JPG
G784,coaching,G784.jpg,_DSC2914.JPG
G785,coaching,G785.jpg,_DSC2915.JPG
G786,coaching,G786.jpg,_DSC2916.JPG
G787,coaching,G787.jpg,_DSC2917.JPG
G788,coaching,G788.jpg,_DSC2918.JPG
G789,training,G789.jpg,_DSC2919.JPG
G790,training,G790.jpg,_DSC2920.JPG
G791,training,G791.jpg,_DSC2921.JPG
G792,training,G792.jpg,_DSC2922.JPG
G793,coaching,G793.jpg,_DSC2925.JPG
G794,coaching,G794.jpg,_DSC2927.JPG
G795,coaching,G795.jpg,_DSC2931.JPG
G796,training,G796.jpg,_DSC2933.JPG
G797,training,G797.jpg,_DSC2934.JPG
G798,coaching,G798.jpg,_DSC2937.JPG
G799,training,G799.jpg,_DSC2939.JPG
G800,training,G800.jpg,_DSC2940.JPG
G801,training,G801.jpg,_DSC2944.JPG
G802,training,G802.jpg,_DSC2945.JPG
G803,training,G803.jpg,_DSC2946.JPG
G804,training,G804.jpg,_DSC2947.JPG
G805,training,G805.jpg,_DSC2949.JPG
G806,training,G806.jpg,_DSC2951.JPG
G807,coaching,G807.jpg,_DSC2953.JPG
G808,coaching,G808.jpg,_DSC2954.JPG
G809,training,G809.jpg,_DSC2956.JPG
G810,coaching,G810.jpg,_DSC2957.JPG
G811,coaching,G811.jpg,_DSC2959.JPG
G812,coaching,G812.jpg,_DSC2960.JPG
G813,coaching,G813.jpg,_DSC2961.JPG
G814,coaching,G814.jpg,_DSC2964.JPG
G815,coaching,G815.jpg,_DSC2965.JPG
G816,coaching,G816.jpg,_DSC2966.JPG
G817,coaching,G817.jpg,_DSC2967.JPG
G823,team,G823.jpg,_DSC2975.JPG
G824,team,G824.jpg,_DSC2976.JPG
G825,training,G825.jpg,_DSC2978.JPG
G826,coaching,G826.jpg,_DSC2979.JPG
G827,training,G827.jpg,_DSC2980.JPG
G828,training,G828.jpg,_DSC2981.JPG
G829,training,G829.jpg,_DSC2982.JPG
G830,training,G830.jpg,_DSC2983.JPG
G831,training,G831.jpg,_DSC2984.JPG
G832,training,G832.jpg,_DSC2985.JPG
G833,training,G833.jpg,_DSC2986.JPG
G834,coaching,G834.jpg,_DSC2987.JPG
G835,coaching,G835.jpg,_DSC2988.JPG
G836,training,G836.jpg,_DSC2989.JPG
G837,training,G837.jpg,_DSC2990.JPG
G838,training,G838.jpg,_DSC2991.JPG
G839,training,G839.jpg,_DSC2992.JPG
G840,training,G840.jpg,_DSC2993.JPG
G841,training,G841.jpg,_DSC2994.JPG
G842,training,G842.jpg,_DSC2995.JPG
G843,training,G843.jpg,_DSC2996.JPG
G844,training,G844.jpg,_DSC2997.JPG
G845,team,G845.jpg,_DSC2998.JPG
G846,team,G846.jpg,_DSC2999.JPG
G847,training,G847.jpg,_DSC3000.JPG
G848,training,G848.jpg,_DSC3001.JPG
G849,training,G849.jpg,_DSC3002.JPG
G850,training,G850.jpg,_DSC3004.JPG
G851,training,G851.jpg,_DSC3006.JPG
G852,training,G852.jpg,_DSC3007.JPG
G853,coaching,G853.jpg,_DSC3009.JPG
G854,coaching,G854.jpg,_DSC3010.JPG
G855,coaching,G855.jpg,_DSC3011.JPG
G856,coaching,G856.jpg,_DSC3013.JPG
G857,coaching,G857.jpg,_DSC3014.JPG
G858,coaching,G858.jpg,_DSC3015.JPG
G859,coaching,G859.jpg,_DSC3016.JPG
G860,coaching,G860.jpg,_DSC3017.JPG
G861,coaching,G861.jpg,_DSC3018.JPG
G862,coaching,G862.jpg,_DSC3019.JPG
G863,coaching,G863.jpg,_DSC3020.JPG
G864,team,G864.jpg,_DSC3021.JPG
G865,team,G865.jpg,_DSC3022.JPG
G866,team,G866.jpg,_DSC3024.JPG
G867,team,G867.jpg,_DSC3025.JPG
G868,training,G868.jpg,_DSC3027.JPG
G869,training,G869.jpg,_DSC3029.JPG
G871,coaching,G871.jpg,_DSC3031.JPG
G872,training,G872.jpg,_DSC3032.JPG
G873,training,G873.jpg,_DSC3033.JPG
G874,coaching,G874.jpg,_DSC3034.JPG
G877,team,G877.jpg,_DSC3037.JPG
G878,team,G878.jpg,_DSC3038.JPG
G879,team,G879.jpg,_DSC3039.JPG
G881,training,G881.jpg,_DSC3041.JPG
G882,training,G882.jpg,_DSC3042.JPG
G883,training,G883.jpg,_DSC3043.JPG
G884,coaching,G884.jpg,_DSC3046.JPG
G885,coaching,G885.jpg,_DSC3047.JPG
G889,coaching,G889.jpg,_DSC3051.JPG
G890,coaching,G890.jpg,_DSC3052.JPG
G892,coaching,G892.jpg,_DSC3054.JPG
G893,coaching,G893.jpg,_DSC3055.JPG
G894,coaching,G894.jpg,_DSC3056.JPG
G895,training,G895.jpg,_DSC3057.JPG
G896,training,G896.jpg,_DSC3058.JPG
G897,training,G897.jpg,_DSC3059.JPG
G898,training,G898.jpg,_DSC3061.JPG
G899,training,G899.jpg,_DSC3064.JPG
G900,coaching,G900.jpg,_DSC3065.JPG
G901,coaching,G901.jpg,_DSC3066.JPG
G902,coaching,G902.jpg,_DSC3067.JPG
G903,coaching,G903.jpg,_DSC3068.JPG
G904,coaching,G904.jpg,_DSC3069.JPG
G905,coaching,G905.jpg,_DSC3070.JPG
G906,training,G906.jpg,_DSC3071.JPG
G907,training,G907.jpg,_DSC3072.JPG
G908,training,G908.jpg,_DSC3076.JPG
G909,team,G909.jpg,_DSC3077.JPG
G910,team,G910.jpg,_DSC3078.JPG
G911,training,G911.jpg,_DSC3079.JPG
G912,training,G912.jpg,_DSC3080.JPG
G913,team,G913.jpg,_DSC3081.JPG
G914,training,G914.jpg,_DSC3082.JPG
G915,team,G915.jpg,_DSC3083.JPG
G916,team,G916.jpg,_DSC3084.JPG
G917,team,G917.jpg,_DSC3086.JPG
G918,coaching,G918.jpg,_DSC3088.JPG
G919,training,G919.jpg,_DSC3089.JPG
G921,coaching,G921.jpg,_DSC3091.JPG
G922,coaching,G922.jpg,_DSC3092.JPG
G923,coaching,G923.jpg,_DSC3093.JPG
G924,coaching,G924.jpg,_DSC3094.JPG
G925,coaching,G925.jpg,_DSC3095.JPG
G926,coaching,G926.jpg,_DSC3096.JPG
G927,training,G927.jpg,_DSC3097.JPG
G932,coaching,G932.jpg,_DSC3102.JPG
G933,training,G933.jpg,_DSC3103.JPG
G934,training,G934.jpg,_DSC3104.JPG
G935,coaching,G935.jpg,_DSC3105.JPG
G936,training,G936.jpg,_DSC3106.JPG
G937,training,G937.jpg,_DSC3107.JPG
G938,training,G938.jpg,_DSC3108.JPG
G939,coaching,G939.jpg,_DSC3109.JPG
G940,coaching,G940.jpg,_DSC3110.JPG
G941,coaching,G941.jpg,_DSC3111.JPG
G942,coaching,G942.jpg,_DSC3112.JPG
G943,coaching,G943.jpg,_DSC3113.JPG
G944,training,G944.jpg,_DSC3115.JPG
G945,training,G945.jpg,_DSC3116.JPG
G946,training,G946.jpg,_DSC3117.JPG
G947,training,G947.jpg,_DSC3118.JPG
G948,training,G948.jpg,_DSC3120.JPG
G949,coaching,G949.jpg,_DSC3121.JPG
G951,team,G951.jpg,_DSC3125.JPG
G952,training,G952.jpg,_DSC3126.JPG
G953,coaching,G953.jpg,_DSC3127.JPG
G954,training,G954.jpg,_DSC3128.JPG
G955,training,G955.jpg,_DSC3129.JPG
G956,coaching,G956.jpg,_DSC3130.JPG
G957,training,G957.jpg,_DSC3132.JPG
G958,training,G958.jpg,_DSC3133.JPG
G960,coaching,G960.jpg,_DSC3135.JPG
G961,coaching,G961.jpg,_DSC3136.JPG
G962,team,G962.jpg,_DSC3137.JPG
G963,training,G963.jpg,_DSC3139.JPG
G964,training,G964.jpg,_DSC3140.JPG
G965,training,G965.jpg,_DSC3141.JPG
G966,training,G966.jpg,_DSC3142.JPG
G967,coaching,G967.jpg,_DSC3143.JPG
G968,training,G968.jpg,_DSC3145.JPG
G969,training,G969.jpg,_DSC3146.JPG
G970,coaching,G970.jpg,_DSC3147.JPG
G971,training,G971.jpg,_DSC3148.JPG
G973,training,G973.jpg,_DSC3150.JPG
G974,coaching,G974.jpg,_DSC3152.JPG
G976,training,G976.jpg,_DSC3155.JPG
G977,coaching,G977.jpg,_DSC3156.JPG
G982,training,G982.jpg,_DSC3163.JPG
G983,coaching,G983.jpg,_DSC3165.JPG
G984,training,G984.jpg,_DSC3166.JPG
